Team ID,Team Name,Logo URL,Nickname
17,Atalanta,badges/17-Atalanta.png,null
19,Aalborg,badges/19-Aalborg.png,null
20,Aarhus,badges/20-Aarhus.png,null
23,FC Aarau,null,null
27,Aberdeen,badges/27-Aberdeen.png,The Dons
36,Aberystwyth,badges/36-Aberystwyth.png,null
41,Milan,badges/41-Milan.png,Rossoneri
42,Accrington,badges/42-Accrington.png,Stanley
45,Adanaspor,null,Adanaspor
51,Acad Coimbra,badges/51-Acad Coimbra.png,null
54,Anderlecht,badges/54-Anderlecht.png,null
57,Albacete,badges/57-Albacete.png,null
58,AEK Athens,badges/58-AEK Athens.png,null
61,Afan Lido,badges/61-Afan Lido.png,null
66,Arges Pitesti,null,null
68,Angers,badges/68-Angers.png,null
69,Hrvatski D.,null,null
72,Airdrie (old),null,The Diamonds
74,AIK Solna,badges/74-AIK Solna.png,null
80,Ajax,badges/80-Ajax.png,null
81,AB Copenhagen,null,null
82,Arka Gdynia,badges/82-Arka Gdynia.png,null
83,Ankaragucu,badges/83-Ankaragucu.png,null
86,Akademik Sofia,null,null
88,ASK Linz,null,null
90,Albion,badges/90-Albion.png,The Wee Rovers
92,Aldershot,badges/92-Aldershot.png,The Shots
98,Alloa,badges/98-Alloa.png,The Wasps
105,Est. Amadora,null,null
111,Ancona,null,null
117,Annan,badges/117-Annan.png,Galabankies
120,Royal Antwerp,null,null
129,Arbroath,badges/129-Arbroath.png,The Red Lichties
131,Ards,null,null
136,Aris Salonika,badges/136-Aris Salonika.png,null
142,Arsenal,badges/142-Arsenal.png,The Gunners
147,Ascoli,null,null
154,Aston Villa,badges/154-Aston Villa.png,The Villans
156,RB Salzburg,badges/156-RB Salzburg.png,null
163,Atl Madrid,badges/163-Atl Madrid.png,Los Colchoneros
168,Atvidabergs,badges/168-Atvidabergs.png,null
169,Athlone Town,badges/169-Athlone Town.png,null
172,Ayr,badges/172-Ayr.png,The Honest Men
174,Auxerre,badges/174-Auxerre.png,null
189,Altay Izmir,null,null
190,AZ Alkmaar,badges/190-AZ Alkmaar.png,null
203,Bari,badges/203-Bari.png,null
207,Ath Bilbao,badges/207-Ath Bilbao.png,null
208,Barnsley,badges/208-Barnsley.png,Tykes
213,FC Brno,badges/213-FC Brno.png,null
220,Brescia,badges/220-Brescia.png,null
221,Brechin,badges/221-Brechin.png,The City
224,Barcelona,badges/224-Barcelona.png,Blaugrana
225,Bochum,null,null
230,FC Bacau,null,null
234,Bradford,badges/234-Bradford.png,The Bantams
246,Bordeaux,badges/246-Bordeaux.png,null
255,Bekescsaba,null,null
257,Benfica,badges/257-Benfica.png,null
260,Berwick,badges/260-Berwick.png,The Borderers
261,Besiktas,badges/261-Besiktas.png,null
264,Beveren,null,null
268,Bologna,badges/268-Bologna.png,null
269,Bangor City,badges/269-Bangor City.png,null
277,FC Bruges,badges/277-FC Bruges.png,null
282,Bohemians D.,badges/282-Bohemians D..png,null
291,Birmingham,badges/291-Birmingham.png,Blues
301,Banik Ostrava,badges/301-Banik Ostrava.png,null
308,Blackburn,badges/308-Blackburn.png,Rovers
317,Blackpool,badges/317-Blackpool.png,The Seasiders/The Tangerines
330,Ballymena,badges/330-Ballymena.png,null
331,Br'pojkarna,null,null
333,Bodo Glimt,null,null
338,Brondby,badges/338-Brondby.png,null
344,Barnet,badges/344-Barnet.png,The Bees
354,Bolton,badges/354-Bolton.png,The Trotters
358,Bohemians P.,null,null
359,Bournemouth,badges/359-Bournemouth.png,The Cherries
362,Boston Utd,badges/362-Boston Utd.png,null
363,Boavista,null,null
376,Bristol C,badges/376-Bristol C.png,The Robins
378,Brentford,badges/378-Brentford.png,The Bees
381,Brighton,badges/381-Brighton.png,The Seagulls
387,Bursaspor,badges/387-Bursaspor.png,null
388,Bristol R,badges/388-Bristol R.png,Pirates
394,Bury,badges/394-Bury.png,The Shakers
398,B Dortmund,badges/398-B Dortmund.png,Die Borussen
403,Mgladbach,badges/403-Mgladbach.png,null
413,Beroe Stara,badges/413-Beroe Stara.png,null
417,Beitar J'salem,null,null
421,Botev Plovdiv,null,null
427,Burton,badges/427-Burton.png,null
435,Burnley,badges/435-Burnley.png,The Clarets
446,Botev Vratza,badges/446-Botev Vratza.png,null
453,Bray,badges/453-Bray.png,null
468,B Leverkusen,badges/468-B Leverkusen.png,Werkself
469,B Munich,badges/469-B Munich.png,FC Hollywood
482,Inverness CT,badges/482-Inverness CT.png,Caley
483,Cambridge U,badges/483-Cambridge U.png,The U's
485,Cardiff,badges/485-Cardiff.png,The Bluebirds
494,Cobh,badges/494-Cobh.png,null
495,Clydebank,null,The Bankies
511,Campomaio,null,null
512,Celtic,badges/512-Celtic.png,The Bhoys
514,Cesena,badges/514-Cesena.png,null
525,Cagliari,badges/525-Cagliari.png,null
527,Charlton,badges/527-Charlton.png,Addicks
536,Chelsea,badges/536-Chelsea.png,The Blues
551,Coleraine,badges/551-Coleraine.png,null
560,Carrick Rangers,null,null
561,CSKA Sofia,badges/561-CSKA Sofia.png,null
579,Cheltenham,badges/579-Cheltenham.png,The Robins
580,Cliftonville,badges/580-Cliftonville.png,null
582,Clyde,badges/582-Clyde.png,The Bully Wee
611,Charleroi,badges/611-Charleroi.png,null
612,Colchester,badges/612-Colchester.png,The U's
616,FC Copenhagen,badges/616-FC Copenhagen.png,null
621,Coventry,badges/621-Coventry.png,The Sky Blues
622,Cowdenbeath,badges/622-Cowdenbeath.png,The Blue Brazil
634,Connah's Q,badges/634-Connah's Q.png,null
643,Carlisle,badges/643-Carlisle.png,Cumbrians/The Blues
644,Carmarthen,badges/644-Carmarthen.png,null
646,C Palace,badges/646-C Palace.png,The Eagles
649,Crawley,badges/649-Crawley.png,null
652,Crewe,badges/652-Crewe.png,The Railwaymen
653,Crusaders,badges/653-Crusaders.png,null
656,Chesterfield,badges/656-Chesterfield.png,Spireites
658,CSKA Mosc.,badges/658-CSKA Mosc..png,null
660,Castellon,null,null
663,Chester,badges/663-Chester.png,The Blues/City
678,Cork City,badges/678-Cork City.png,null
679,Din Zagreb,badges/679-Din Zagreb.png,null
690,Celta Vigo,badges/690-Celta Vigo.png,null
698,Caersws,null,null
719,Darlington,badges/719-Darlington.png,The Quakers
737,Dundee,badges/737-Dundee.png,The Dark Blues
740,Dundee Utd,badges/740-Dundee Utd.png,The Terrors
743,De Graafschap,badges/743-De Graafschap.png,null
747,Derby,badges/747-Derby.png,The Rams
749,Dunfermline,badges/749-Dunfermline.png,The Pars
758,Drogheda,badges/758-Drogheda.png,null
760,Dag &amp; Red,badges/760-Dag &amp; Red.png,Daggers
761,Dungannon Sw,badges/761-Dungannon Sw.png,null
764,Diosgyor,null,null
765,Den Haag,badges/765-Den Haag.png,null
769,Dinamo Minsk,badges/769-Dinamo Minsk.png,null
771,Lisburn Dist.,badges/771-Lisburn Dist..png,null
773,Djurgaardens,badges/773-Djurgaardens.png,null
776,Deportivo,badges/776-Deportivo.png,null
786,Dundalk,badges/786-Dundalk.png,null
787,Dnipro,badges/787-Dnipro.png,null
800,Doncaster,badges/800-Doncaster.png,Rovers
808,Derry City,badges/808-Derry City.png,null
809,Dordrecht,null,null
830,Dukla Prague,badges/830-Dukla Prague.png,null
832,Dumbarton,badges/832-Dumbarton.png,The Sons
845,Din. Bucharest,badges/845-Din. Bucharest.png,null
847,Dynamo Kiev,badges/847-Dynamo Kiev.png,null
848,Din. Moscow,badges/848-Din. Moscow.png,null
857,Kayserispor,badges/857-Kayserispor.png,null
858,Etar Tarnovo,null,null
880,Belenenses,badges/880-Belenenses.png,null
883,East Fife,badges/883-East Fife.png,The Fifers
884,E Frankfurt,badges/884-E Frankfurt.png,null
889,Eibar,badges/889-Eibar.png,null
894,Elfsborg,badges/894-Elfsborg.png,null
895,Elgin City,badges/895-Elgin City.png,The Black and Whites
922,Esbjerg,badges/922-Esbjerg.png,null
925,Eskisehirspor,badges/925-Eskisehirspor.png,null
927,Espanyol,badges/927-Espanyol.png,null
928,East Stirling,badges/928-East Stirling.png,The Shire
929,Estoril,badges/929-Estoril.png,null
930,Eend. Aalst,null,null
935,St-Etienne,badges/935-St-Etienne.png,null
942,Everton,badges/942-Everton.png,The Toffees
947,Exeter,badges/947-Exeter.png,The Grecians
955,Falkirk,badges/955-Falkirk.png,The Bairns
957,Farense,null,null
962,Fenerbahce,badges/962-Fenerbahce.png,null
965,Basel,badges/965-Basel.png,null
970,Cologne,badges/970-Cologne.png,null
971,Den Bosch,null,null
973,FC Groningen,badges/973-FC Groningen.png,null
978,Porto,badges/978-Porto.png,null
981,FC Utrecht,badges/981-FC Utrecht.png,null
982,FC Volendam,badges/982-FC Volendam.png,null
984,FC Zurich,badges/984-FC Zurich.png,null
985,Fredrikstad,badges/985-Fredrikstad.png,null
990,Fleetwood,badges/990-Fleetwood.png,The Cod Army
991,Feyenoord,badges/991-Feyenoord.png,null
993,FF Jaro,null,null
999,Fiorentina,badges/999-Fiorentina.png,Viola
1003,Brann,badges/1003-Brann.png,null
1019,Frem C'hagen,null,null
1025,Finn Harps,badges/1025-Finn Harps.png,null
1030,Forfar,badges/1030-Forfar.png,The Loons
1033,Ferencvaros,null,null
1034,F Dusseldorf,badges/1034-F Dusseldorf.png,null
1044,F. Sittard,null,null
1054,Freiburg,badges/1054-Freiburg.png,null
1055,Fulham,badges/1055-Fulham.png,The Cottagers
1057,First Vienna,null,null
1065,Go Ahead Eagles,badges/1065-Go Ahead Eagles.png,null
1069,GAIS,badges/1069-GAIS.png,null
1081,Germinal,badges/1081-Germinal.png,null
1082,Genoa,badges/1082-Genoa.png,null
1090,Guingamp,badges/1090-Guingamp.png,null
1098,Gillingham,badges/1098-Gillingham.png,The Gills
1101,Gil Vicente,badges/1101-Gil Vicente.png,null
1112,Gloria Bistrita,badges/1112-Gloria Bistrita.png,null
1118,Glentoran,badges/1118-Glentoran.png,null
1123,Glenavon,badges/1123-Glenavon.png,null
1125,Galatasaray,badges/1125-Galatasaray.png,null
1127,Genclerbirligi,badges/1127-Genclerbirligi.png,null
1128,Gent,badges/1128-Gent.png,null
1134,Goztepe Izmir,null,null
1136,Grasshoppers,badges/1136-Grasshoppers.png,null
1141,Gretna,null,Black & Whites
1146,Gornik Zabrze,badges/1146-Gornik Zabrze.png,null
1148,Grimsby,badges/1148-Grimsby.png,The Mariners
1178,Galway,badges/1178-Galway.png,null
1180,Graz AK,null,null
1186,Halifax,badges/1186-Halifax.png,The Shaymen
1187,Hamilton,badges/1187-Hamilton.png,The Accies
1190,Hartlepool,badges/1190-Hartlepool.png,Pools
1216,Hereford,badges/1216-Hereford.png,The Bulls
1218,Heerenveen,badges/1218-Heerenveen.png,null
1227,Hibernian,badges/1227-Hibernian.png,The Hibees
1229,HIFK Helsinki,null,null
1236,HJK Helsinki,badges/1236-HJK Helsinki.png,null
1237,Hajduk Split,badges/1237-Hajduk Split.png,null
1241,Hradec Kralove,badges/1241-Hradec Kralove.png,null
1243,Haladas (old),null,null
1252,Halmstads,badges/1252-Halmstads.png,null
1255,Hammarby,null,null
1267,Honved,null,null
1272,H. Beer Sheva,null,null
1277,H. Petah Tikva,null,null
1280,Heracles,badges/1280-Heracles.png,null
1284,Hertha Berlin,badges/1284-Hertha Berlin.png,null
1286,Hansa Rostock,null,null
1289,Hearts,badges/1289-Hearts.png,Jambos
1296,Helsingborgs,badges/1296-Helsingborgs.png,null
1304,H Tel Aviv,badges/1304-H Tel Aviv.png,null
1309,Huddersfield,badges/1309-Huddersfield.png,The Terriers
1310,Hull,badges/1310-Hull.png,The Tigers
1317,Haverfordwest,badges/1317-Haverfordwest.png,null
1320,Hannover,badges/1320-Hannover.png,null
1325,Antalyaspor,badges/1325-Antalyaspor.png,null
1348,IFK Goth'burg,badges/1348-IFK Goth'burg.png,Bl?vitt
1358,IK Start,badges/1358-IK Start.png,null
1361,Ilves Tampere,null,null
1370,Inter,badges/1370-Inter.png,Nerazzurri
1372,Ipswich,badges/1372-Ipswich.png,Town/Tractor Boys
1375,Iraklis Salonika,badges/1375-Iraklis Salonika.png,null
1382,Istanbulspor,null,null
1396,Jiul Petrosani,null,null
1408,Juventus,badges/1408-Juventus.png,Bianconeri
1412,Kalmar,badges/1412-Kalmar.png,null
1414,Kaiserslautern,badges/1414-Kaiserslautern.png,null
1415,Katowice,null,null
1436,Kidderminster,badges/1436-Kidderminster.png,Harriers
1446,TP-47,null,null
1455,Kilmarnock,badges/1455-Kilmarnock.png,Killie
1465,Kocaelispor,null,null
1470,Karlsruhe,null,null
1471,Karpaty Lvov,badges/1471-Karpaty Lvov.png,null
1480,Kongsvinger,null,null
1481,Kortrijk,badges/1481-Kortrijk.png,null
1501,Lazio,badges/1501-Lazio.png,Biancocelesti
1508,Lecce,badges/1508-Lecce.png,null
1513,Lech Poznan,badges/1513-Lech Poznan.png,null
1519,Landskrona,null,null
1524,Leeds,badges/1524-Leeds.png,United
1525,Legia Warsaw,badges/1525-Legia Warsaw.png,null
1527,Leicester,badges/1527-Leicester.png,The Foxes
1536,Leixoes,null,null
1537,Leyton Orient,badges/1537-Leyton Orient.png,The O's
1540,Longford T,badges/1540-Longford T.png,null
1542,Lyngby,badges/1542-Lyngby.png,null
1549,Lechia Gdansk,badges/1549-Lechia Gdansk.png,null
1552,Le Havre,null,null
1558,Limerick,badges/1558-Limerick.png,null
1559,Lincoln,badges/1559-Lincoln.png,The Imps
1563,Liverpool,badges/1563-Liverpool.png,The Reds
1567,Lok. Moscow,badges/1567-Lok. Moscow.png,null
1568,Loko. Plovdiv,badges/1568-Loko. Plovdiv.png,null
1569,Loko. Sofia,badges/1569-Loko. Sofia.png,null
1573,LKS Lodz,badges/1573-LKS Lodz.png,null
1574,Llanelli,badges/1574-Llanelli.png,null
1576,Lille,badges/1576-Lille.png,null
1577,Lillestrom,badges/1577-Lillestrom.png,null
1585,Linfield,badges/1585-Linfield.png,null
1587,Lausanne,badges/1587-Lausanne.png,null
1588,Lyn Oslo,null,null
1590,Lens,badges/1590-Lens.png,null
1597,Lokeren,badges/1597-Lokeren.png,null
1613,Lierse,badges/1613-Lierse.png,null
1614,Levski Sofia,badges/1614-Levski Sofia.png,null
1615,Las Palmas,badges/1615-Las Palmas.png,null
1616,Larissa,badges/1616-Larissa.png,null
1617,Xanthi,badges/1617-Xanthi.png,null
1625,Lucerne,badges/1625-Lucerne.png,null
1627,Lugano,null,null
1628,Luton,badges/1628-Luton.png,The Hatters
1634,Livingston,badges/1634-Livingston.png,Livi Lions
1645,Lyon,badges/1645-Lyon.png,Les Gones
1660,Macclesfield,badges/1660-Macclesfield.png,The Silkmen
1669,M. Haifa,badges/1669-M. Haifa.png,null
1673,Mechelen,badges/1673-Mechelen.png,null
1674,Monaco,badges/1674-Monaco.png,null
1679,Molde,badges/1679-Molde.png,null
1696,Merida,null,null
1697,Middlesbro,badges/1697-Middlesbro.png,Boro
1699,Millwall,badges/1699-Millwall.png,The Lions
1703,Mjondalen,null,null
1704,FC Marek,null,null
1706,Metalist,badges/1706-Metalist.png,null
1716,Malmo,badges/1716-Malmo.png,null
1718,Man City,badges/1718-Man City.png,The Citizens
1723,Mansfield,badges/1723-Mansfield.png,The Stags
1724,Man Utd,badges/1724-Man Utd.png,The Red Devils
1730,Montrose,badges/1730-Montrose.png,The Gable Endies
1732,Morecambe,badges/1732-Morecambe.png,The Shrimps
1734,Motherwell,badges/1734-Motherwell.png,The Well/The Steelmen
1738,Slavia Mozyr,null,null
1748,Marseille,badges/1748-Marseille.png,Les Phoceens
1749,Maritimo,badges/1749-Maritimo.png,null
1753,Mersin,badges/1753-Mersin.png,null
1756,Duisburg,badges/1756-Duisburg.png,null
1763,MTK,null,null
1765,Morton,badges/1765-Morton.png,The Ton
1767,Montpellier,badges/1767-Montpellier.png,null
1772,Metz,badges/1772-Metz.png,null
1777,1860 Munich,null,null
1785,M. Tel Aviv,badges/1785-M. Tel Aviv.png,null
1791,MyPa-47,null,MyPa Anjalankoski
1796,NAC Breda,badges/1796-NAC Breda.png,null
1800,Nantes,badges/1800-Nantes.png,null
1801,Napoli,badges/1801-Napoli.png,null
1809,Nacional,badges/1809-Nacional.png,null
1819,Neman Grodno,null,null
1820,NEC Nijmegen,badges/1820-NEC Nijmegen.png,null
1823,Newcastle,badges/1823-Newcastle.png,The Magpies
1824,Newport Co,badges/1824-Newport Co.png,null
1830,Greuther Furth,badges/1830-Greuther Furth.png,null
1832,Nice,badges/1832-Nice.png,null
1841,Norrkoping,badges/1841-Norrkoping.png,null
1845,Nottm Forest,badges/1845-Nottm Forest.png,Forest
1848,Nancy,badges/1848-Nancy.png,null
1855,Norwich,badges/1855-Norwich.png,The Canaries
1863,Napredak,null,null
1865,Mouscron,null,null
1867,Northampton,badges/1867-Northampton.png,The Cobblers
1871,Notts Co,badges/1871-Notts Co.png,The Magpies
1884,Nuremberg,badges/1884-Nuremberg.png,null
1891,Newtown,badges/1891-Newtown.png,null
1899,Neuc. Xamax,badges/1899-Neuc. Xamax.png,null
1913,Odd Grenland,badges/1913-Odd Grenland.png,null
1914,OB Odense,badges/1914-OB Odense.png,null
1918,OFI Crete,badges/1918-OFI Crete.png,null
1919,OFK Belgrade,null,null
1920,Osijek,badges/1920-Osijek.png,null
1924,Oldham,badges/1924-Oldham.png,The Latics
1928,O. Ljubljana,null,null
1930,Olympiakos,badges/1930-Olympiakos.png,null
1935,Compostela,null,null
1938,Orduspor,badges/1938-Orduspor.png,null
1942,Orebro,badges/1942-Orebro.png,null
1943,Orgryte,null,null
1951,Osasuna,badges/1951-Osasuna.png,null
1953,Otelul Galati,badges/1953-Otelul Galati.png,null
1954,Osters,null,null
1956,Real Oviedo,null,Real Oviedo
1964,Oxford,badges/1964-Oxford.png,The U's
1973,Panathinaikos,badges/1973-Panathinaikos.png,null
1976,PAOK Salonika,badges/1976-PAOK Salonika.png,null
1981,Polonia B.,badges/1981-Polonia B..png,null
1984,Pecsi Munkas,null,null
1986,Pecs Dozsa,null,null
1987,PEC Zwolle,badges/1987-PEC Zwolle.png,null
1988,Porthmadog,null,null
1995,Pescara,badges/1995-Pescara.png,null
1996,Peterborough,badges/1996-Peterborough.png,The Posh
2009,Pogon Szczecin,badges/2009-Pogon Szczecin.png,null
2010,Peterhead,badges/2010-Peterhead.png,The Blue Toon
2014,Piacenza,null,null
2016,Panionios,badges/2016-Panionios.png,null
2018,Pirin,null,null
2031,KPS Kuopio,null,null
2033,Petrolul Ploiesti,badges/2033-Petrolul Ploiesti.png,null
2036,Plymouth,badges/2036-Plymouth.png,The Pilgrims
2037,Parma,badges/2037-Parma.png,null
2049,Portsmouth,badges/2049-Portsmouth.png,Pompey
2054,Preston,badges/2054-Preston.png,The Lilywhites/North End
2055,Perugia,null,null
2056,Mallorca,badges/2056-Mallorca.png,null
2063,Portadown,badges/2063-Portadown.png,null
2068,Paris St-G.,badges/2068-Paris St-G..png,null
2071,PSV Eindhoven,badges/2071-PSV Eindhoven.png,null
2077,Portimonense,null,null
2081,Partick,badges/2081-Partick.png,The Jags
2083,Port Vale,badges/2083-Port Vale.png,The Valiants
2084,Partizan,badges/2084-Partizan.png,Partizan
2090,Queen of Sth,badges/2090-Queen of Sth.png,The Doonhamers
2093,QPR,badges/2093-QPR.png,The R's
2096,Queen's Park,badges/2096-Queen's Park.png,The Spiders
2100,RAEC Mons B,badges/2100-RAEC Mons B.png,null
2102,Raith,badges/2102-Raith.png,The Rovers
2104,Rangers,badges/2104-Rangers.png,The Gers
2117,Ross County,badges/2117-Ross County.png,County, The Staggies
2121,Radnicki Nis,null,null
2123,Rushden,badges/2123-Rushden.png,The Diamonds or Rushden
2125,Reading,badges/2125-Reading.png,The Royals
2127,Reggiana,null,null
2134,Randers Freja,badges/2134-Randers Freja.png,null
2138,Rad,null,null
2140,Reggina,null,null
2145,Ruch Chorzow,badges/2145-Ruch Chorzow.png,null
2146,Reims,badges/2146-Reims.png,null
2147,Rhyl,badges/2147-Rhyl.png,null
2151,Rijeka,badges/2151-Rijeka.png,null
2153,Rio Ave,badges/2153-Rio Ave.png,null
2155,Roda JC,badges/2155-Roda JC.png,null
2159,Real Betis,badges/2159-Real Betis.png,null
2162,Zaragoza,badges/2162-Zaragoza.png,null
2163,Roma,badges/2163-Roma.png,Giallorossi
2165,Real Madrid,badges/2165-Real Madrid.png,Los Merengues
2173,Rennes,badges/2173-Rennes.png,null
2175,Rochdale,badges/2175-Rochdale.png,The Dale
2180,Rotherham,badges/2180-Rotherham.png,The Millers
2184,Rapid Buch.,null,null
2186,RoPS,null,null
2187,Rapid Vienna,badges/2187-Rapid Vienna.png,null
2188,RBC Roosendaal,null,null
2190,Rosenborg,badges/2190-Rosenborg.png,null
2192,Sociedad,badges/2192-Sociedad.png,null
2193,Crvena Zvezda,null,null
2210,RWD Mol'beek,null,null
2221,R. Vallecano,badges/2221-R. Vallecano.png,null
2223,Racing,badges/2223-Racing.png,null
2242,Sabadell,badges/2242-Sabadell.png,null
2248,Strasbourg,null,null
2251,Steaua,badges/2251-Steaua.png,null
2253,Scarborough,null,The Boro
2260,Schalke,badges/2260-Schalke.png,null
2263,Scunthorpe,badges/2263-Scunthorpe.png,The Iron
2280,Sedan,null,null
2292,Seville,badges/2292-Seville.png,Los Rojiblancos
2296,Stirling,badges/2296-Stirling.png,The Binos
2300,Sp. Gijon,badges/2300-Sp. Gijon.png,null
2303,St Gallen,badges/2303-St Gallen.png,null
2304,Sigma O.,badges/2304-Sigma O..png,null
2306,Salgueiros,null,null
2308,Sturm Graz,badges/2308-Sturm Graz.png,null
2312,Shakhtar,badges/2312-Shakhtar.png,null
2323,Litex,badges/2323-Litex.png,null
2325,Shrewsbury,badges/2325-Shrewsbury.png,The Shrews
2328,Sheff Utd,badges/2328-Sheff Utd.png,The Blades
2330,Sheff Wed,badges/2330-Sheff Wed.png,The Owls
2331,Sochaux,badges/2331-Sochaux.png,null
2334,Siofok,null,null
2338,FC Sion,badges/2338-FC Sion.png,null
2358,Sakaryaspor,null,null
2360,Shelbourne,badges/2360-Shelbourne.png,null
2362,Sligo Rovers,badges/2362-Sligo Rovers.png,null
2363,Standard Liege,badges/2363-Standard Liege.png,null
2364,Silkeborg,badges/2364-Silkeborg.png,null
2367,Salernitana,null,null
2369,Slavia Prague,badges/2369-Slavia Prague.png,null
2383,Ap Kalamaria,null,null
2384,Stromsgodset,badges/2384-Stromsgodset.png,null
2386,Salamanca,badges/2386-Salamanca.png,null
2388,Sampdoria,badges/2388-Sampdoria.png,null
2389,Shamrock R,badges/2389-Shamrock R.png,null
2393,Southend,badges/2393-Southend.png,The Shrimpers
2407,Sogndal,badges/2407-Sogndal.png,null
2417,Braga,badges/2417-Braga.png,null
2421,Sporting Lisbon,badges/2421-Sporting Lisbon.png,null
2425,St Patrick's,badges/2425-St Patrick's.png,null
2429,Sparta Prague,badges/2429-Sparta Prague.png,null
2434,Spartak Varna,null,null
2435,Spartak Moscow,badges/2435-Spartak Moscow.png,Spartak
2445,Sp. Rotterdam,badges/2445-Sp. Rotterdam.png,null
2448,Sarpsborg,badges/2448-Sarpsborg.png,null
2449,Stranraer,badges/2449-Stranraer.png,The Blues
2453,Servette,badges/2453-Servette.png,null
2459,Guadalajara,badges/2459-Guadalajara.png,null
2468,Stenh'semuir,badges/2468-Stenh'semuir.png,Warriors
2471,Southampton,badges/2471-Southampton.png,The Saints
2472,St Johnstone,badges/2472-St Johnstone.png,The Saints
2473,Stockport,badges/2473-Stockport.png,The Hatters
2475,St Mirren,badges/2475-St Mirren.png,The Saints
2477,Stoke,badges/2477-Stoke.png,The Potters
2480,S Studentesc,null,null
2491,St Pauli,badges/2491-St Pauli.png,null
2493,Sunderland,badges/2493-Sunderland.png,Mackems/The Black Cats
2499,Stevenage,badges/2499-Stevenage.png,null
2502,Sliven,null,null
2503,Hamburg,badges/2503-Hamburg.png,Rothosen
2509,Cercle Bruges,badges/2509-Cercle Bruges.png,null
2510,Slavia Sofia,badges/2510-Slavia Sofia.png,null
2512,Alania Vlad.,badges/2512-Alania Vlad..png,null
2513,Swansea,badges/2513-Swansea.png,The Swans
2519,Swindon,badges/2519-Swindon.png,The Robins
2526,Slask Wroclaw,badges/2526-Slask Wroclaw.png,null
2550,Targu Mures,null,null
2562,Bastia,badges/2562-Bastia.png,null
2584,Torino,badges/2584-Torino.png,null
2589,Torquay,badges/2589-Torquay.png,The Gulls
2590,Tottenham,badges/2590-Tottenham.png,Spurs
2591,Toulouse,badges/2591-Toulouse.png,le Tefece
2594,Torpedo Mosc.,null,null
2596,TPS Turku,null,null
2598,Tranmere,badges/2598-Tranmere.png,The Rovers
2599,Trabzonspor,badges/2599-Trabzonspor.png,null
2600,Tenerife,badges/2600-Tenerife.png,null
2602,Trelleborgs,badges/2602-Trelleborgs.png,null
2603,Tromso,badges/2603-Tromso.png,null
2613,Lombard-Papa,null,null
2619,Tavriya Simf.,null,null
2620,FC Twente,badges/2620-FC Twente.png,null
2630,UCD,badges/2630-UCD.png,null
2631,CFR Cluj,badges/2631-CFR Cluj.png,null
2634,Udinese,badges/2634-Udinese.png,null
2636,Ujpest Dozsa,null,null
2644,Uniao Leiria,badges/2644-Uniao Leiria.png,null
2658,UT Arad,null,null
2660,Uni Craiova,null,null
2665,FC Vac,null,null
2670,Vasas,null,null
2675,Vicenza,null,null
2676,Valladolid,badges/2676-Valladolid.png,null
2677,Vaduz,null,null
2678,Vejle BK,null,null
2680,Venezia,null,null
2681,Verona,badges/2681-Verona.png,null
2682,Stuttgart,badges/2682-Stuttgart.png,Die Roten
2687,Videoton,badges/2687-Videoton.png,null
2688,Aus. Vienna,badges/2688-Aus. Vienna.png,null
2691,Viktoria Zizkov,badges/2691-Viktoria Zizkov.png,null
2692,Vitesse Arn.,badges/2692-Vitesse Arn..png,null
2696,Viking,badges/2696-Viking.png,null
2697,Valencia,badges/2697-Valencia.png,Los Che
2699,Valerenga,badges/2699-Valerenga.png,null
2701,FC Haka,null,null
2716,Vojvodina NS,null,null
2727,V Guimaraes,badges/2727-V Guimaraes.png,null
2730,Vitoria Setubal,badges/2730-Vitoria Setubal.png,null
2731,Varteks,badges/2731-Varteks.png,null
2737,Walsall,badges/2737-Walsall.png,The Saddlers
2741,Watford,badges/2741-Watford.png,The Hornets
2744,West Brom,badges/2744-West Brom.png,The Baggies/Throstles/Albion
2757,Admira Wacker,badges/2757-Admira Wacker.png,null
2783,Wigan,badges/2783-Wigan.png,The Latics
2790,Waregem,badges/2790-Waregem.png,null
2802,West Ham,badges/2802-West Ham.png,The Hammers/Irons
2810,RKC Waalwijk,badges/2810-RKC Waalwijk.png,null
2812,MK Dons,badges/2812-MK Dons.png,The Dons
2820,Wisla Krakow,badges/2820-Wisla Krakow.png,null
2843,Arminia,null,null
2848,Wolves,badges/2848-Wolves.png,Wolves
2854,W Bremen,badges/2854-W Bremen.png,null
2859,Wrexham,badges/2859-Wrexham.png,Dragons
2866,Welshpool,null,null
2877,Waterford,badges/2877-Waterford.png,null
2898,Wycombe,badges/2898-Wycombe.png,The Chairboys
2900,Widzew Lodz,badges/2900-Widzew Lodz.png,null
2903,Young Boys,badges/2903-Young Boys.png,null
2905,Yeovil,badges/2905-Yeovil.png,The Glovers
2910,York,badges/2910-York.png,Minstermen
2919,Zenit,badges/2919-Zenit.png,null
2920,Zaglebie Sos,null,null
2924,Zaglebie Lubin,badges/2924-Zaglebie Lubin.png,null
2925,NK Zagreb,badges/2925-NK Zagreb.png,null
2934,Stade Brest,badges/2934-Stade Brest.png,null
2939,Maastricht,null,null
2949,Ionikos,null,null
2961,Caen,badges/2961-Caen.png,null
2964,Alemania,badges/2964-Alemania.png,null
2965,Desportivo Aves,null,null
2967,Wolfsburg,badges/2967-Wolfsburg.png,Wolfsburg
2975,Alaves,null,null
2989,Willem II,badges/2989-Willem II.png,null
2993,Herfolge,null,null
2996,Polonia W.,badges/2996-Polonia W..png,null
2999,St. Truiden,badges/2999-St. Truiden.png,null
3003,Rudar Velenje,null,null
3007,Gomel,badges/3007-Gomel.png,null
3010,Ceahlaul (mer),null,null
3014,Belshina,null,null
3018,VPS Vaasa,null,null
3019,Kryvbas,null,null
3032,Bate Borisov,badges/3032-Bate Borisov.png,null
3038,R. Rostov,badges/3038-R. Rostov.png,null
3045,H. Haifa,null,null
3046,Dnepr Mogilev,null,null
3047,NK Maribor,badges/3047-NK Maribor.png,Maribor Teatanic
3048,Genk,badges/3048-Genk.png,null
3050,Mainz,badges/3050-Mainz.png,null
3051,Troyes,badges/3051-Troyes.png,null
3052,ND HIT Gorica,null,null
3054,Teplice,badges/3054-Teplice.png,null
3060,Institute FC,null,null
3063,Newi CD,null,null
3065,Lommel,null,null
3066,Cambuur,badges/3066-Cambuur.png,null
3068,Unterhaching,null,Unterhaching
3069,Malaga,badges/3069-Malaga.png,Malaga
3070,Numancia,badges/3070-Numancia.png,Numancia
3071,Westerlo,badges/3071-Westerlo.png,null
3072,Verb. Geel,null,null
3073,Harelbeke,null,null
3074,Alverca,null,null
3075,Santa Clara,null,null
3076,Stabaek,badges/3076-Stabaek.png,Stabaek
3077,Debrecen,badges/3077-Debrecen.png,null
3079,Beira Mar,badges/3079-Beira Mar.png,Beira Mar
3080,Amica Wronki,null,null
3086,Logrones,null,Logrones
3099,Cottbus,null,null
3107,Moreirense,badges/3107-Moreirense.png,Moreirense
3110,Almeria,badges/3110-Almeria.png,Almeria
3111,Real Union,null,Real Union
3123,Villarreal,badges/3123-Villarreal.png,Yellow Submarines
3125,Ballinamallard U,badges/3125-Ballinamallard U.png,null
3150,Lorient,badges/3150-Lorient.png,Lorient
3157,Grenoble,null,Grenoble
3163,Naval,null,Naval
3167,Excelsior,badges/3167-Excelsior.png,Ex. Rotterdam
3201,Honefoss,badges/3201-Honefoss.png,null
3202,Gaziantepspor,badges/3202-Gaziantepspor.png,null
3204,Samsunspor,badges/3204-Samsunspor.png,null
3205,Farul Constanta,null,null
3206,Nat. Bucharest,null,null
3207,Astra Giurgiu,badges/3207-Astra Giurgiu.png,null
3209,Extremadura,null,null
3213,C. Budejovice,badges/3213-C. Budejovice.png,null
3216,Cadiz,null,null
3217,Denizlispor,null,null
3224,Slaven,badges/3224-Slaven.png,null
3230,Cibalia,badges/3230-Cibalia.png,null
3236,Chmel Blsany,null,null
3237,Dukla Pribram,badges/3237-Dukla Pribram.png,null
3241,Petra Drnovice,null,null
3245,FC Neftochimik,null,null
3247,Dunaujvaros,null,null
3248,Poltava,null,null
3251,Levante,badges/3251-Levante.png,null
3253,Pacos Ferreira,badges/3253-Pacos Ferreira.png,null
3254,La Louviere,null,null
3257,Modena,null,null
3259,Le Mans,null,null
3261,Feirense,badges/3261-Feirense.png,null
3263,Denderleeun,null,null
3264,Cordoba,badges/3264-Cordoba.png,null
3266,Pt Talbot,badges/3266-Pt Talbot.png,null
3269,St Polten,null,null
3273,Slovan Liberec,badges/3273-Slovan Liberec.png,null
3274,Viborg,badges/3274-Viborg.png,null
3275,Jablonec,badges/3275-Jablonec.png,null
3277,Stal Alchevsk,null,null
3279,Metalurg Z.,null,null
3281,Anzhi,badges/3281-Anzhi.png,null
3283,Saturn,badges/3283-Saturn.png,null
3284,Kavala,badges/3284-Kavala.png,null
3285,Proodeftiki,null,null
3287,Haugesund,badges/3287-Haugesund.png,null
3288,Rizespor,null,null
3289,Yozgatspor,null,null
3297,Kryliya Sovetov,badges/3297-Kryliya Sovetov.png,null
3299,S Dniprodzerzhynsk (do not use,null,null
3301,Paniliakos,null,null
3304,Ried,badges/3304-Ried.png,null
3305,Bregenz,null,null
3306,Midtjylland,badges/3306-Midtjylland.png,null
3308,Hacken,badges/3308-Hacken.png,null
3309,Sundsvall,badges/3309-Sundsvall.png,null
3310,Viktoria Plzen,badges/3310-Viktoria Plzen.png,null
3311,Synot,badges/3311-Synot.png,null
3314,Groclin Grodzisk,null,null
3317,Sibenik,badges/3317-Sibenik.png,null
3320,Smederevo,null,null
3322,Cukaricki,null,null
3328,Zalaegerszeg,null,null
3331,Koper,null,null
3338,MS Ashdod,null,null
3342,Ajaccio,badges/3342-Ajaccio.png,null
3344,Gyori ETO,null,null
3346,Tom Tomsk,badges/3346-Tom Tomsk.png,null
3349,Shinnik Yaro.,null,null
3351,Cherno More,badges/3351-Cherno More.png,null
3356,Domzale,null,null
3358,M. Petah Tikva,null,null
3359,FC Inter,null,null
3360,AC Horsens,badges/3360-AC Horsens.png,null
3362,Hajduk Kula,null,null
3364,Matav Sopron,null,null
3365,Zakarpatty,null,null
3366,Ioannina,badges/3366-Ioannina.png,null
3411,Leganes,null,null
3427,Granada,badges/3427-Granada.png,null
3453,Karnten (old),null,null
3462,Chievo,badges/3462-Chievo.png,null
3470,FC Brasov,badges/3470-FC Brasov.png,null
3479,Recreativo,badges/3479-Recreativo.png,null
3480,Getafe,badges/3480-Getafe.png,null
3481,Elche,badges/3481-Elche.png,null
3496,Huesca,badges/3496-Huesca.png,null
3499,Akratitos,null,null
3502,Bellinzona,null,Bellinzona
3504,Varzim,null,Varzim
3509,Tampere Utd,null,null
3518,SV Darmstadt,badges/3518-SV Darmstadt.png,null
3523,SC Paderborn,null,null
3524,Istres,null,null
3525,Palermo,badges/3525-Palermo.png,null
3526,Diyarbakirspor,null,null
3527,Malatyaspor,null,null
3530,Treviso,null,null
3536,Ch'morets B,badges/3536-Ch'morets B.png,null
3538,M. Netanya,null,null
3539,Mladost Lucani,null,null
3544,Opava,null,null
3546,FC Lahti,null,null
3551,Dinamo Brest,null,null
3557,VVV Venlo,badges/3557-VVV Venlo.png,null
3584,Zadar,badges/3584-Zadar.png,null
3586,Belasitsa,null,null
3589,Siena,badges/3589-Siena.png,null
3590,Como,null,null
3591,Messina,null,null
3592,Empoli,badges/3592-Empoli.png,null
3601,Monaghan Utd,null,null
3610,Murcia,badges/3610-Murcia.png,null
3615,Egaleo,null,null
3616,Kamen,null,null
3622,Obolon Kiev,null,null
3635,Hercules,badges/3635-Hercules.png,Hercules
3642,Odra Wodzislaw,null,null
3643,Livorno,badges/3643-Livorno.png,null
3655,Gimnastic,badges/3655-Gimnastic.png,null
3679,Boulogne,null,null
3682,Valenciennes,badges/3682-Valenciennes.png,null
3716,Rishon Le Zion,null,null
3727,Zlin,null,null
3848,Catania,badges/3848-Catania.png,null
3850,Airdrieonians,badges/3850-Airdrieonians.png,null
3858,Nafteks,null,null
3864,Volyn,null,null
3865,Arsenal Kiev,null,null
3869,Aus. Karnten,null,null
3871,Elazigspor,badges/3871-Elazigspor.png,null
3876,Thun,badges/3876-Thun.png,null
3879,H. Kfar Saba,null,null
3895,Kallithea,null,null
3902,FCU Poli,null,null
3905,Rilski Sportist,null,null
3906,Koge,badges/3906-Koge.png,null
3907,Dacia,null,null
3910,Wisla Plock,null,null
3918,Jaen,null,null
3935,Bnei Yehuda,null,null
3937,Hoffenheim,badges/3937-Hoffenheim.png,null
3949,Trofense,null,null
3957,Barcelona B,badges/3957-Barcelona B.png,null
3985,Llandudno,null,null
4016,Aalesund,badges/4016-Aalesund.png,null
4023,AC Allianssi,null,null
4024,KooTeePee,null,null
4057,Nordsjaelland,badges/4057-Nordsjaelland.png,null
4059,Gornik Polkowice,null,null
4060,Mattersburg,badges/4060-Mattersburg.png,null
4061,Borisfen,null,null
4062,Javor,null,null
4063,Rubin,badges/4063-Rubin.png,null
4065,Heusden-Zolder,null,null
4066,Sebatspor,null,null
4067,Konyaspor,null,null
4068,Makedonska,null,null
4069,Rodopa,null,null
4070,Rakovski,badges/4070-Rakovski.png,null
4071,Borac Cacak,null,null
4073,Gornik Leczna,null,null
4074,Swit Nowy Dwor,null,null
4075,Balaton,null,null
4076,NK Inter,badges/4076-NK Inter.png,null
4077,Alba Iulia A,null,null
4078,Bihor Oradea,null,null
4079,Ch. Odessa,null,null
4080,Illichivets,null,null
4082,Zirka,null,null
4086,Atromitos,badges/4086-Atromitos.png,null
4089,Hap Ramat Gan,badges/4089-Hap Ramat Gan.png,null
4090,Bnei Sakhnin,null,null
4091,M. Ahi Nazrat,null,null
4097,Braunschweig,badges/4097-Braunschweig.png,null
4102,Hac Ramat Gan,null,null
4103,M. Hertzliya,null,null
4115,Mirandes,null,null
4121,Donegal,badges/4121-Donegal.png,null
4151,FC Brussels,null,null
4153,Kuban K,badges/4153-Kuban K.png,null
4154,Sandefjord,null,null
4176,REAC,null,null
4194,AFC W'bledon,badges/4194-AFC W'bledon.png,The Dons, The Wombles
4197,Dijon,badges/4197-Dijon.png,null
4200,GFC Ajaccio,badges/4200-GFC Ajaccio.png,null
4219,Amkar Perm,badges/4219-Amkar Perm.png,null
4220,Ham-Kam,null,null
4231,Medimurje,null,null
4232,Pula,null,null
4250,Terek Grozny,badges/4250-Terek Grozny.png,null
4253,Airbus UK,badges/4253-Airbus UK.png,null
4254,W. Innsbruck,badges/4254-W. Innsbruck.png,null
4255,Cracovia,badges/4255-Cracovia.png,null
4256,Poli-Iasi,null,null
4257,Oostende,badges/4257-Oostende.png,null
4258,Ankaraspor,null,null
4259,Nesebar,null,null
4260,Nyiregyhaza,null,null
4261,Kaposvar,null,null
4264,Mlada Boleslav,badges/4264-Mlada Boleslav.png,null
4283,Hapoel N-I,null,null
4284,Penafiel,null,null
4291,Naftovik,null,null
4292,Spartak Nalchik,badges/4292-Spartak Nalchik.png,null
4293,Ergotelis,badges/4293-Ergotelis.png,null
4294,Kerkira,null,null
4309,Girona,badges/4309-Girona.png,null
4358,FC Moscow,null,null
4359,Tatabanya,null,null
4360,Gefle,badges/4360-Gefle.png,null
4361,Assyriska,null,null
4365,Mariehamn,null,null
4367,Syrianska,badges/4367-Syrianska.png,null
4406,Falkenbergs FF,badges/4406-Falkenbergs FF.png,Falkenbergs FF
4429,Torpedo Zh,null,null
4430,Shakhtyor,null,null
4469,SonderjyskE,badges/4469-SonderjyskE.png,null
4470,FC Kharkiv,null,null
4471,Korona Kielce,badges/4471-Korona Kielce.png,null
4472,Belchatow,badges/4472-Belchatow.png,null
4479,Roeselare,null,null
4480,Erciyesspor,null,null
4481,Sivasspor,badges/4481-Sivasspor.png,null
4482,Manisaspor,badges/4482-Manisaspor.png,null
4484,Vihren,null,null
4485,Vysocina Jihlava,null,null
4486,Most,null,null
4487,FC Vaslui,badges/4487-FC Vaslui.png,null
4488,Pandurii,badges/4488-Pandurii.png,null
4489,Vozdovac,null,null
4506,Levadiakos,badges/4506-Levadiakos.png,null
4517,Alcoyano,badges/4517-Alcoyano.png,null
4569,Honka,null,null
4570,Luch Energiya,null,null
4618,Real Madrid B,null,Real Madrid B
4626,The New Saints,badges/4626-The New Saints.png,null
4681,Ljungskile,null,Ljungskile SK
4682,Altach,null,Altach
4683,Zorya,null,Zorya
4684,SK Kladno,null,SK Kladno
4685,Paks (mer),null,Paks
4686,Unirea,null,Unirea
4692,Sassuolo,badges/4692-Sassuolo.png,Sassuolo
4770,Istanbul Buyuk.,badges/4770-Istanbul Buyuk..png,null
4771,Sevastopol,null,null
4780,Vikingit,null,null
4781,AC Oulu,null,null
4790,Khimki,null,null
4795,Frosinone C,badges/4795-Frosinone C.png,Frosinone Calcio
4796,Augsburg,badges/4796-Augsburg.png,Augsburg
4798,Ponferradina,badges/4798-Ponferradina.png,Ponferradina
4825,Neath,badges/4825-Neath.png,null
4831,Kasimpasa,badges/4831-Kasimpasa.png,Kasimpasa
4832,Vitebsk,null,Vitebsk
4834,Gloria Buzau,null,G.Buzau
4836,G'birligi Oftas,null,null
4837,Uni Cluj,badges/4837-Uni Cluj.png,null
4838,Jagiellonia,badges/4838-Jagiellonia.png,null
4839,H. IK Shmona (old),null,null
4840,Asteras T.,badges/4840-Asteras T..png,null
4841,Veria FC,null,null
4845,FC Naftan,null,null
4891,Arles-Avignon,badges/4891-Arles-Avignon.png,Arles-Avignon
4905,Wexford Yth,badges/4905-Wexford Yth.png,null
4910,Sp. Fingal,null,null
4919,Kapfenberg,badges/4919-Kapfenberg.png,null
4932,Szombathelyi (old),null,null
4942,FC Lvov,null,null
4950,NK Croatia Ses,null,NK Croatia Sesvete
4951,Piast Gliwice,badges/4951-Piast Gliwice.png,Piast Gliwice
4953,Tubize,null,null
4954,Metan Medias,badges/4954-Metan Medias.png,null
4955,Otopeni,null,Otopeni
4965,Loko. Mezdra,null,null
4966,Minyor Pernik,badges/4966-Minyor Pernik.png,null
4967,Kecskemeti,null,null
4968,Prestatyn,badges/4968-Prestatyn.png,null
4977,Ingolstadt,badges/4977-Ingolstadt.png,null
4981,Jagodina,null,Jagodina
4982,Hacettepe S K,null,Hacettepe S K
4984,Granit Mikashev,null,Granit Mikashev
4986,Panthrakikos K,badges/4986-Panthrakikos K.png,Panthrakikos K
4987,Panserraikos,badges/4987-Panserraikos.png,Panserraikos
4993,Thrasivoulos Fylis,null,Thrasivoulos Fylis
5004,Vestsjaelland,badges/5004-Vestsjaelland.png,null
5085,IF BP,badges/5085-IF BP.png,IF Brommapojkarna
5086,JJK Jyvaskyla,null,JJK Jyvaskyla
5089,Salthill Devon,badges/5089-Salthill Devon.png,Salthill Devon
5094,Mervue Utd,badges/5094-Mervue Utd.png,Mervue Utd
5106,FK Sevojno,null,FK Sevojno
5115,Paksi SE,null,Paksi SE
5119,Mjallby,badges/5119-Mjallby.png,Mjallby
5121,Xerez,badges/5121-Xerez.png,Xerez
5122,Olhanense,badges/5122-Olhanense.png,null
5125,Hapoel Ra'ana,null,Hapoel Ra'anana
5126,Hapoel Acre,null,Hapoel Acre
5127,Piatra Neamt,badges/5127-Piatra Neamt.png,Piatra Neamt
5128,Novara,badges/5128-Novara.png,Novara
5129,Wiener Neustadt,badges/5129-Wiener Neustadt.png,Wiener Neustadt
5130,FK Montana,badges/5130-FK Montana.png,FK Montana
5131,NK Istra 1961,badges/5131-NK Istra 1961.png,NK Istra 1961
5132,NK Karlovac,badges/5132-NK Karlovac.png,NK Karlovac
5133,Loko. Zagreb,badges/5133-Loko. Zagreb.png,Lokomotiva Zagreb
5134,B. 1905,badges/5134-B. 1905.png,Bohemians 1905
5138,Borca,null,Borca
5139,FK Rad 1923,null,Mladi Radnik
5141,Metalac,null,Metalac
5147,Alcorcon,badges/5147-Alcorcon.png,null
5154,Bucaspor,null,Bucaspor
5156,Mezokovesd SE,null,Mezokovesd SE
5159,Bala Town,badges/5159-Bala Town.png,null
5185,Evian,badges/5185-Evian.png,Evian
5190,Newry City,null,null
5191,S. Novosibirsk,badges/5191-S. Novosibirsk.png,null
5192,Cartagena,badges/5192-Cartagena.png,null
5193,Villarreal B,badges/5193-Villarreal B.png,Villarreal B
5237,FC Timisoara,null,FC Timisoara
5243,Sp Subotica,null,Spartak Subotica
5245,Usti nad Labem,null,null
5250,KAS Eupen,badges/5250-KAS Eupen.png,null
5251,Kardemir,badges/5251-Kardemir.png,null
5257,Wimbledon,badges/5257-Wimbledon.png,null
5259,Olympiakos Vol,badges/5259-Olympiakos Vol.png,null
5260,Kerkyra,badges/5260-Kerkyra.png,null
5261,Hapoel Ash,null,null
5262,Ironi Kiryat S,badges/5262-Ironi Kiryat S.png,Ironi Kiryat S
5263,Vic Branesti,null,Victoria Branesti
5264,Indjija,null,null
5268,NK Split,badges/5268-NK Split.png,null
5278,Kaliakra,badges/5278-Kaliakra.png,null
5280,Szombathelyi H,null,null
5281,Szolnoki M,null,null
5286,FC Minsk,badges/5286-FC Minsk.png,FC Minsk
5323,FK Krasnodar,badges/5323-FK Krasnodar.png,null
5324,V N Novgorod,badges/5324-V N Novgorod.png,null
5328,P Bielsko-Biala,badges/5328-P Bielsko-Biala.png,null
5329,O-H Leuven,badges/5329-O-H Leuven.png,null
5338,Oleksandria,null,Oleksandria
5339,NK Lucko,badges/5339-NK Lucko.png,null
5340,Vointa-Sibiu,null,null
5341,Concordia C,badges/5341-Concordia C.png,null
5343,Svetkavitsa,badges/5343-Svetkavitsa.png,null
5344,Ludogorets,badges/5344-Ludogorets.png,Ludogorets
5346,Novi Pazar,null,null
5347,Ironi Ramat Ha,null,null
5350,Panetolikos,badges/5350-Panetolikos.png,null
5351,Doxa Drama,null,Doxa Drama
5382,Sandnes Ulf,badges/5382-Sandnes Ulf.png,null
5387,W Beveren,badges/5387-W Beveren.png,W Beveren
5388,M Saransk,badges/5388-M Saransk.png,M Saransk
5396,Wolfsberger,badges/5396-Wolfsberger.png,null
5413,Lugo,null,null
5443,Akhisar B,badges/5443-Akhisar B.png,Akhisar B
5444,Turnu Severin,badges/5444-Turnu Severin.png,Turnu Severin
5445,Viitorul C,badges/5445-Viitorul C.png,Viitorul C
5446,CSMS Iasi,badges/5446-CSMS Iasi.png,CSMS Iasi
5447,Egri,null,Egri
5451,Donji Srem,null,Donji Srem
5458,Platanias,badges/5458-Platanias.png,Platanias
5459,Veroia,badges/5459-Veroia.png,Veroia
5466,Carpi,badges/5466-Carpi.png,Carpi
5503,Llagostera,null,null
5516,NK Zavrc,null,NK Zavrc
5552,SV Grodig,badges/5552-SV Grodig.png,null
5553,Ural Sver. Oblast,badges/5553-Ural Sver. Oblast.png,null
5596,NK Celje,null,NK Celje
5603,Znojmo,null,null
5604,Z Bydgoszcz,badges/5604-Z Bydgoszcz.png,null
5605,Warrenpoint T,null,null
5610,Arouca,badges/5610-Arouca.png,null
5616,Lyubimets,null,Lyubimets
5617,S Navodari,null,S Navodari
5618,Botosani,null,Botosani
5619,Corona Brasov,null,Corona Brasov
5620,Puskas FA FC,null,Puskas FA FC
5621,Apollon Smyrni,badges/5621-Apollon Smyrni.png,null
5622,Kalloni,badges/5622-Kalloni.png,null
5628,Krka,null,null
5751,Shamrock R B,null,null
5752,Galway FC,null,null
5753,SJK,null,null
5754,FC Slutsk,null,FC Slutsk
5798,FC Ufa,null,null
5799,Arsenal Tula,null,null
5801,Hobro IK,null,null
5802,Mouscron-P,null,null
5803,Haskovo,null,null
5841,NK Radomlje,null,null
5842,Niki Volos,null,null
5847,Olimpik Donetsk,null,null
5848,Balikesirspor,null,null
5864,Liefering,null,Liefering
5865,Hartberg,null,Hartberg
5996,Cabinteely,null,null
5997,KTP Kotka,null,null
6014,Radnik Surdulica,null,null
6015,LKS Nieciecza,null,null
6016,Voluntari,null,null
6027,NK Krsko,null,null
6031,Uniao da Madeira,null,null
6032,Tondela,null,null
6033,1299 Osmanlispor,null,null
6034,PFC Montana,null,null
6038,Bilbao Athletic,null,null
6040,Stal Dniprodzerzhynsk,null,null
